words,Type,surp_UD,surp_HD,item_id,cond
वह,NP1,0.0007,0.10484,1,a
लड़का,NP1,0.19402,0.88503,1,a
जिसने,,0.00976,0.05763,1,a
किताब,,1.09296,0.58196,1,a
बहुत,,0.05088,0.13633,1,a
दिलचस्पी,,0.5612,2.57874,1,a
से,,0.01575,0.12449,1,a
पढ़ी,,1.30563,0.16913,1,a
थी,,0.00269,0.00475,1,a
मेरा,,0.21025,0.82127,1,a
दोस्त,,0.18639,0.88361,1,a
है,,0.47937,0.93078,1,a
।,,0.49777,0.32132,1,a
वह,NP1,0.0007,0.10484,1,b
लड़का,NP1,0.19402,0.88503,1,b
जिसने,,0.00976,0.05763,1,b
बहुत,,0.0819,0.12019,1,b
दिलचस्पी,,0.86012,1.71905,1,b
से,,0.01525,0.12449,1,b
पढ़ी,,1.36873,0.16913,1,b
थी,,0.00269,0.00475,1,b
किताब,,0.14262,0.66873,1,b
मेरा,,0.48022,1.40813,1,b
दोस्त,,0.18894,0.74425,1,b
है,,0.47937,0.93078,1,b
।,,0.49777,0.32132,1,b
वह,NP1,0.0007,0.10484,1,c 
किताब,NP1,0.19412,0.88503,1,c 
जिसको,,0.00976,0.05763,1,c 
उस,,0.02457,0.08714,1,c 
लड़के,,0.64512,1.15604,1,c 
ने,,0.01598,0.15816,1,c 
बहुत,,0.03628,0.1337,1,c 
दिलचस्पी,,0.46692,2.61947,1,c 
से,,0.01575,0.12449,1,c 
पढ़ा,,1.60908,0.16913,1,c 
था,,0.00266,0.00447,1,c 
बहुत,,0.11195,0.3884,1,c 
मोटी,,0.18821,0.37364,1,c 
है,,0.60787,0.51729,1,c 
।,,0.09693,0.02397,1,c 
वह,NP1,0.0007,0.10484,1,d
किताब,NP1,0.19412,0.88503,1,d
जिसको,,0.00976,0.05763,1,d
बहुत,,0.08197,0.12019,1,d
दिलचस्पी,,0.86067,1.71905,1,d
से,,0.01525,0.12449,1,d
पढ़ा,,1.3674,0.16913,1,d
था,,0.00266,0.00447,1,d
उस,,0.22292,0.66822,1,d
लड़के,,0.17289,0.67069,1,d
ने,,0.17282,0.31225,1,d
बहुत,,0.57032,0.70836,1,d
मोटी,,0.23681,0.3912,1,d
है,,0.60787,0.51729,1,d
।,,0.09693,0.02397,1,d
वह,,0.0007,0.10484,2,a
बच्चा,,0.19371,0.88546,2,a
जिसने,,0.00977,0.05615,2,a
रोटी,,1.09351,0.58196,2,a
बहुत,,0.05088,0.13633,2,a
जल्दी,,0.93327,1.60613,2,a
से,,0.70335,0.77508,2,a
खायी,,1.28809,0.32317,2,a
थी,,0.00387,0.00345,2,a
मेरा,,0.23115,0.93573,2,a
भतीजा,,0.24188,0.73649,2,a
है,,0.47939,0.971,2,a
।,,0.52911,0.19198,2,a
वह,,0.0007,0.10484,2,b
बच्चा,,0.19371,0.88546,2,b
जिसने,,0.00977,0.05615,2,b
बहुत,,0.0819,0.12019,2,b
जल्दी,,0.68629,1.53771,2,b
से,,0.70335,0.79992,2,b
खायी,,1.32244,0.25957,2,b
थी,,0.00387,0.00345,2,b
रोटी,,0.19797,0.48695,2,b
मेरा,,0.50113,1.5226,2,b
भतीजा,,0.24444,0.76872,2,b
है,,0.47939,0.971,2,b
।,,0.52911,0.19198,2,b
वह,,0.0007,0.10484,2,c
रोटी,,0.19421,0.88503,2,c
जिसको,,0.00976,0.05763,2,c
उस,,0.02457,0.08714,2,c
बच्चे,,0.64833,1.18201,2,c
ने,,0.01597,0.15782,2,c
बहुत,,0.03639,0.1296,2,c
जल्दी,,0.55739,1.568,2,c
से,,0.70335,0.77508,2,c
खाया,,1.47676,0.31709,2,c
था,,0.00383,0.00324,2,c
दो,,0.20119,0.45852,2,c
दिन,,0.22968,0.59341,2,c
पुरानी,,0.58552,0.53282,2,c
है,,0.46644,0.4764,2,c
।,,0.12835,0.02219,2,c
वह,,0.0007,0.10484,2,d
रोटी,,0.19421,0.88503,2,d
जिसको,,0.00976,0.05763,2,d
बहुत,,0.08197,0.12019,2,d
जल्दी,,0.68629,1.53771,2,d
से,,0.70335,0.79992,2,d
खाया,,1.32237,0.25817,2,d
था,,0.00383,0.00324,2,d
उस,,0.23851,0.90671,2,d
बच्चे,,0.228,0.50922,2,d
ने,,0.17273,0.30865,2,d
दो,,0.60213,0.78991,2,d
दिन,,0.27529,0.60803,2,d
पुरानी,,0.58552,0.53282,2,d
है,,0.46644,0.4764,2,d
।,,0.12835,0.02219,2,d
वह,,0.0007,0.10484,3,a
आदमी,,0.19437,0.89087,3,a
जिसने,,0.00979,0.05765,3,a
सब्जीयाँ,,1.09404,0.58196,3,a
धीरे-धीरे,,0.10679,0.46413,3,a
चुनी,,1.01248,0.29432,3,a
थीं,,0.00418,0.00424,3,a
मेरे,,0.24219,0.92002,3,a
मुहल्ले,,0.25205,0.86735,3,a
में,,0.15798,0.11021,3,a
रहता,,0.70388,0.15136,3,a
है,,0.06909,0.15692,3,a
।,,0.67616,0.42122,3,a
वह,,0.0007,0.10484,3,b
आदमी,,0.19437,0.89087,3,b
जिसने,,0.00979,0.05765,3,b
धीरे-धीरे,,0.16419,0.41509,3,b
चुनी,,1.05932,0.23347,3,b
थीं,,0.00418,0.00424,3,b
सब्जीयाँ,,0.20829,0.59073,3,b
मेरे,,0.51189,1.50579,3,b
मुहल्ले,,0.25461,0.73001,3,b
में,,0.15798,0.11021,3,b
रहता,,0.70388,0.15655,3,b
है,,0.06909,0.15692,3,b
।,,0.67616,0.42122,3,b
वह,,0.0007,0.10484,3,c
सब्जीयाँ,,0.19416,0.88503,3,c
जिनको,,0.00977,0.05763,3,c
उस,,0.02458,0.08714,3,c
आदमी,,0.64441,1.16663,3,c
ने,,0.01598,0.15734,3,c
धीरे-धीरे,,0.07667,0.43695,3,c
चुना,,1.22575,0.28574,3,c
था,,0.00405,0.00396,3,c
बहुत,,0.15655,0.34041,3,c
महंगी,,0.23501,0.3338,3,c
हैं,,0.54218,0.44804,3,c
।,,0.13882,0.02667,3,c
वह,,0.0007,0.10484,3,d
सब्जीयाँ,,0.19416,0.88503,3,d
जिनको,,0.00977,0.05763,3,d
धीरे-धीरे,,0.16437,0.41509,3,d
चुना,,1.05553,0.23303,3,d
था,,0.00405,0.00396,3,d
उस,,0.24958,0.75622,3,d
आदमी,,0.23858,0.59979,3,d
ने,,0.17264,0.3109,3,d
बहुत,,0.61535,0.66154,3,d
महंगी,,0.2836,0.35136,3,d
हैं,,0.54218,0.44804,3,d
।,,0.13882,0.02667,3,d
वह,,0.0007,0.10484,4,a
बच्ची,,0.19422,0.88503,4,a
जिसने,,0.00976,0.05763,4,a
मिठाई,,0.08797,0.40182,4,a
आराम,,0.90671,2.28668,4,a
से,,0.01589,0.12512,4,a
खायी,,1.35894,0.1672,4,a
थी,,0.00268,0.00469,4,a
मेरी,,0.21036,0.8395,4,a
बहन,,0.18636,0.86528,4,a
है,,0.47904,0.92933,4,a
।,,0.49805,0.32072,4,a
वह,,0.0007,0.10484,4,b
बच्ची,,0.19422,0.88503,4,b
जिसने,,0.00976,0.05763,4,b
आराम,,1.09377,0.58794,4,b
से,,0.01579,0.1229,4,b
खायी,,1.10644,0.22487,4,b
थी,,0.00268,0.00469,4,b
मिठाई,,0.14257,0.66161,4,b
मेरी,,0.48026,1.42309,4,b
बहन,,0.18892,0.72817,4,b
है,,0.47904,0.92933,4,b
।,,0.49805,0.32072,4,b
वह,,0.0007,0.10484,4,c
मिठाई,,0.19432,0.88503,4,c
जिसको,,0.00976,0.05763,4,c
उस,,0.02457,0.08714,4,c
बच्ची,,0.64492,1.15604,4,c
ने,,0.01597,0.15816,4,c
आराम,,0.67732,0.64008,4,c
से,,0.01701,0.1291,4,c
खाया,,1.6171,0.27584,4,c
था,,0.00266,0.00441,4,c
बहुत,,0.11202,0.38282,4,c
मीठी,,0.18837,0.36557,4,c
होती,,0.22217,0.11787,4,c
है,,0.09077,0.13444,4,c
।,,0.51932,0.48211,4,c
वह,,0.0007,0.10484,4,d
मिठाई,,0.19432,0.88503,4,d
जिसको,,0.00976,0.05763,4,d
आराम,,1.09325,0.58794,4,d
से,,0.01579,0.1229,4,d
खाया,,1.10615,0.22398,4,d
था,,0.00266,0.00441,4,d
उस,,0.22304,0.67728,4,d
बच्ची,,0.173,0.66355,4,d
ने,,0.17269,0.31225,4,d
बहुत,,0.5707,0.70278,4,d
मीठी,,0.23696,0.38314,4,d
होती,,0.22217,0.11787,4,d
है,,0.09077,0.13444,4,d
।,,0.51932,0.48211,4,d
वह,,0.0007,0.10484,5,a
औरत,,0.19432,0.88503,5,a
जिसने,,0.00975,0.05763,5,a
नाव,,1.09379,0.58196,5,a
पिछले,,0.04541,0.51162,5,a
हफ्ते,,0.62191,2.45073,5,a
खरीदी,,1.30119,0.16514,5,a
थी,,0.00554,0.00428,5,a
इस,,0.32624,0.94919,5,a
गाँव,,0.30736,0.56795,5,a
की,,0.1476,0.24776,5,a
सरपंच,,0.77966,0.91117,5,a
है,,0.34786,0.88814,5,a
।,,0.7259,0.21622,5,a
वह,,0.0007,0.10484,5,b
औरत,,0.19432,0.88503,5,b
जिसने,,0.00975,0.05763,5,b
पिछले,,0.09418,0.5069,5,b
हफ्ते,,0.95047,1.79677,5,b
खरीदी,,1.36425,0.16514,5,b
थी,,0.00554,0.00428,5,b
नाव,,0.27343,0.58628,5,b
इस,,0.59706,1.25179,5,b
गाँव,,0.30949,0.59755,5,b
की,,0.1476,0.24776,5,b
सरपंच,,0.77966,0.91117,5,b
है,,0.34786,0.88814,5,b
।,,0.7259,0.21622,5,b
वह,,0.0007,0.10484,5,c
नाव,,0.1945,0.88503,5,c
जिसको,,0.00978,0.05763,5,c
उस,,0.02457,0.08714,5,c
औरत,,0.64455,1.15604,5,c
ने,,0.01598,0.15816,5,c
पिछले,,0.03214,0.484,5,c
हफ्ते,,0.48708,2.48666,5,c
खरीदा,,1.60419,0.16516,5,c
था,,0.00549,0.00404,5,c
बहुत,,0.20176,0.33843,5,c
प्रसिद्ध,,0.28327,0.33271,5,c
है,,0.61513,0.51665,5,c
।,,0.1708,0.02581,5,c
वह,,0.0007,0.10484,5,d
नाव,,0.1945,0.88503,5,d
जिसको,,0.00978,0.05763,5,d
पिछले,,0.09426,0.5069,5,d
हफ्ते,,0.95108,1.79677,5,d
खरीदा,,1.36252,0.16516,5,d
था,,0.00549,0.00404,5,d
उस,,0.28135,0.76502,5,d
औरत,,0.3037,0.60303,5,d
ने,,0.17273,0.31225,5,d
बहुत,,0.66034,0.65839,5,d
प्रसिद्ध,,0.33188,0.35028,5,d
है,,0.61513,0.51665,5,d
।,,0.1708,0.02581,5,d
वह,,0.0007,0.10484,6,a
लड़की,,0.19412,0.88503,6,a
जिसने,,0.00976,0.05763,6,a
कविता,,1.0937,0.58196,6,a
सारे,,0.05217,0.1762,6,a
लोगो,,0.55578,2.59854,6,a
के,,0.01077,0.09423,6,a
सामने,,0.17877,0.5674,6,a
गायी,,1.31265,0.1804,6,a
थी,,0.00403,0.00421,6,a
बहुत,,0.15505,0.33823,6,a
गरीब,,0.23389,0.33374,6,a
है,,0.61197,0.51654,6,a
।,,0.13219,0.02457,6,a
वह,,0.0007,0.10484,6,b
लड़की,,0.19412,0.88503,6,b
जिसने,,0.00976,0.05763,6,b
सारे,,0.08376,0.15555,6,b
लोगो,,0.8509,1.74404,6,b
के,,0.01042,0.09423,6,b
सामने,,0.17576,0.5674,6,b
गायी,,1.37606,0.1804,6,b
थी,,0.00403,0.00421,6,b
कविता,,0.20557,0.58595,6,b
बहुत,,0.45944,0.58763,6,b
गरीब,,0.2359,0.34101,6,b
है,,0.61197,0.51654,6,b
।,,0.13219,0.02457,6,b
वह,,0.0007,0.10484,6,c
कविता,,0.19439,0.88503,6,c
जिसको,,0.00978,0.05763,6,c
उस,,0.02457,0.08714,6,c
लड़की,,0.64537,1.15604,6,c
ने,,0.01598,0.15816,6,c
सारे,,0.03715,0.17022,6,c
लोगो,,0.46504,2.64255,6,c
के,,0.01077,0.09423,6,c
सामने,,0.17877,0.5674,6,c
गाया,,1.61646,0.18026,6,c
था,,0.00399,0.00397,6,c
काफी,,0.15545,0.26215,6,c
पुरानी,,0.23314,0.33854,6,c
है,,0.61258,0.51914,6,c
।,,0.13218,0.02457,6,c
वह,,0.0007,0.10484,6,d
कविता,,0.19439,0.88503,6,d
जिसको,,0.00978,0.05763,6,d
सारे,,0.08384,0.15555,6,d
लोगो,,0.85143,1.74404,6,d
के,,0.01042,0.09423,6,d
सामने,,0.17576,0.5674,6,d
गाया,,1.3752,0.18026,6,d
था,,0.00399,0.00397,6,d
उस,,0.25091,0.7638,6,d
लड़की,,0.23588,0.60339,6,d
ने,,0.17287,0.31225,6,d
काफी,,0.61255,0.57855,6,d
पुरानी,,0.28155,0.3563,6,d
है,,0.61258,0.51914,6,d
।,,0.13218,0.02457,6,d
वह,,0.0007,0.10484,7,a
आदमी,,0.19437,0.89087,7,a
जिसने,,0.00979,0.05765,7,a
स्कूटर,,1.09453,0.57737,7,a
बड़ी,,0.04658,0.52236,7,a
मेहनत,,0.62905,2.45678,7,a
से,,0.01552,0.12406,7,a
साफ,,0.05187,0.5266,7,a
की,,0.62071,0.1937,7,a
थी,,0.00366,0.00392,7,a
पुराना,,0.17739,0.24364,7,a
कर्मचारी,,0.22874,0.63399,7,a
है,,0.47788,0.90142,7,a
।,,0.52572,0.20911,7,a
वह,,0.0007,0.10484,7,b
आदमी,,0.19437,0.89087,7,b
जिसने,,0.00979,0.05765,7,b
बड़ी,,0.09683,0.51819,7,b
मेहनत,,0.96221,1.79406,7,b
से,,0.01503,0.12406,7,b
साफ,,0.05019,0.5266,7,b
की,,0.64953,0.1937,7,b
थी,,0.00366,0.00392,7,b
स्कूटर,,0.1593,0.1862,7,b
पुराना,,0.22129,0.33684,7,b
कर्मचारी,,0.2495,0.64834,7,b
है,,0.47788,0.90142,7,b
।,,0.52572,0.20911,7,b
वह,,0.0007,0.10484,7,c
स्कूटर,,0.19435,0.88197,7,c
जिसको,,0.00976,0.05753,7,c
उस,,0.02457,0.08714,7,c
आदमी,,0.64428,1.16663,7,c
ने,,0.01598,0.15734,7,c
बड़ी,,0.03317,0.49489,7,c
मेहनत,,0.49434,2.49034,7,c
से,,0.01552,0.12406,7,c
साफ,,0.05187,0.5266,7,c
किया,,0.83359,0.17779,7,c
था,,0.00296,0.00371,7,c
बैटरी,,0.15649,0.57037,7,c
से,,0.26559,0.31596,7,c
चलती,,0.46227,0.2075,7,c
है,,0.06485,0.13697,7,c
।,,0.67976,0.47202,7,c
वह,,0.0007,0.10484,7,d
स्कूटर,,0.19435,0.88197,7,d
जिसको,,0.00976,0.05753,7,d
बड़ी,,0.09692,0.51819,7,d
मेहनत,,0.96283,1.79251,7,d
से,,0.01503,0.12406,7,d
साफ,,0.05019,0.5266,7,d
किया,,0.73377,0.17779,7,d
था,,0.00296,0.00371,7,d
उस,,0.19496,0.77828,7,d
आदमी,,0.18699,0.58538,7,d
ने,,0.17264,0.3109,7,d
बैटरी,,0.66223,0.89796,7,d
से,,0.12279,0.26975,7,d
चलती,,0.84733,0.24032,7,d
है,,0.06485,0.13697,7,d
।,,0.67976,0.47202,7,d
वह,,0.00054,0.03664,8,a
माली,,0.12543,0.47577,8,a
जिसने,,0.02407,0.36759,8,a
लकड़ी,,1.20355,0.5322,8,a
बहुत,,0.05829,0.13633,8,a
दिलचस्पी,,0.62153,4.02857,8,a
से,,0.01575,0.11257,8,a
रखी,,1.99679,0.12308,8,a
थी,,0.00267,0.00471,8,a
बहुत,,0.1116,0.38529,8,a
बूढ़ा,,0.18771,0.36731,8,a
है,,0.60797,0.5165,8,a
।,,0.09661,0.02392,8,a
वह,,0.0007,0.10484,8,b
माली,,0.19436,0.88503,8,b
जिसने,,0.00976,0.05763,8,b
बहुत,,0.0819,0.12019,8,b
दिलचस्पी,,0.86012,1.71905,8,b
से,,0.01525,0.12449,8,b
रखी,,1.35018,0.16805,8,b
थी,,0.00267,0.00471,8,b
लकड़ी,,0.1419,0.66318,8,b
बहुत,,0.41585,0.63469,8,b
बूढ़ा,,0.18972,0.37458,8,b
है,,0.60797,0.5165,8,b
।,,0.09661,0.02392,8,b
वह,,0.0007,0.10484,8,c
लकड़ी,,0.19441,0.88503,8,c
जिसको,,0.00976,0.05763,8,c
उस,,0.02457,0.08714,8,c
माली,,0.64441,1.15604,8,c
ने,,0.01598,0.15816,8,c
बहुत,,0.0363,0.1337,8,c
दिलचस्पी,,0.46703,2.61947,8,c
से,,0.01575,0.12449,8,c
रखा,,1.56541,0.16781,8,c
था,,0.00264,0.00443,8,c
बहुत,,0.11138,0.38472,8,c
विचित्र,,0.18747,0.36713,8,c
है,,0.60792,0.51649,8,c
।,,0.09654,0.02388,8,c
वह,,0.0007,0.10484,8,d
लकड़ी,,0.19441,0.88503,8,d
जिसको,,0.00976,0.05763,8,d
बहुत,,0.08197,0.12019,8,d
दिलचस्पी,,0.86067,1.71905,8,d
से,,0.01525,0.12449,8,d
रखा,,1.33132,0.16781,8,d
था,,0.00264,0.00443,8,d
उस,,0.22188,0.67419,8,d
माली,,0.1722,0.66597,8,d
ने,,0.17273,0.31225,8,d
बहुत,,0.56996,0.70468,8,d
विचित्र,,0.23607,0.3847,8,d
है,,0.60792,0.51649,8,d
।,,0.09654,0.02388,8,d
वह,,0.0007,0.10484,9,a
किसान,,0.19563,0.88503,9,a
जिसने,,0.00975,0.05763,9,a
फसल,,1.09348,0.58196,9,a
कल,,0.88648,0.60546,9,a
सुबाह,,0.01407,0.27197,9,a
मैदान,,2.65364,3.72797,9,a
में,,0.01205,0.11458,9,a
काटी,,1.12409,0.16599,9,a
थी,,0.00268,0.00475,9,a
बहुत,,0.11204,0.38874,9,a
मेहनती,,0.1882,0.36992,9,a
है,,0.60821,0.5165,9,a
।,,0.09693,0.02397,9,a
वह,,0.0007,0.10484,9,b
किसान,,0.19563,0.88503,9,b
जिसने,,0.00975,0.05763,9,b
कल,,1.0966,0.52839,9,b
सुबाह,,0.00963,0.26848,9,b
मैदान,,1.99622,2.9283,9,b
में,,0.01205,0.11458,9,b
काटी,,1.12409,0.16599,9,b
थी,,0.00268,0.00475,9,b
फसल,,0.14251,0.66873,9,b
बहुत,,0.41635,0.63814,9,b
मेहनती,,0.19021,0.37719,9,b
है,,0.60821,0.5165,9,b
।,,0.09693,0.02397,9,b
वह,,0.0007,0.10484,9,c
फसल,,0.19445,0.88503,9,c
जिसको,,0.00975,0.05763,9,c
उस,,0.02457,0.08714,9,c
किसान,,0.6402,1.15604,9,c
ने,,0.01597,0.15816,9,c
कल,,0.67189,0.57673,9,c
सुबाह,,0.00716,0.23837,9,c
मैदान,,3.58722,3.82137,9,c
में,,0.01205,0.11458,9,c
काटा,,1.12347,0.16599,9,c
था,,0.00266,0.00447,9,c
काफी,,0.11234,0.30172,9,c
महंगी,,0.18806,0.36966,9,c
है,,0.608,0.5165,9,c
।,,0.09692,0.02397,9,c
वह,,0.0007,0.10484,9,d
फसल,,0.19445,0.88503,9,d
जिसको,,0.00975,0.05763,9,d
कल,,1.09608,0.52839,9,d
सुबाह,,0.00963,0.26848,9,d
मैदान,,1.99626,2.9283,9,d
में,,0.01205,0.11458,9,d
काटा,,1.12347,0.16599,9,d
था,,0.00266,0.00447,9,d
उस,,0.22287,0.66822,9,d
किसान,,0.1731,0.67069,9,d
ने,,0.1724,0.31225,9,d
काफी,,0.57059,0.61812,9,d
महंगी,,0.2364,0.38741,9,d
है,,0.608,0.5165,9,d
।,,0.09692,0.02397,9,d
वह,,0.00054,0.03664,10,a
टी-टी,,0.12547,0.47577,10,a
जिसने,,0.02407,0.36759,10,a
सिगरेट,,0.12692,0.36296,10,a
वेटिंग,,0.32099,0.92532,10,a
रूम,,1.43373,4.11719,10,a
के,,0.01102,0.08198,10,a
सामने,,0.17219,0.58993,10,a
मांगी,,1.98856,0.13148,10,a
थी,,0.00401,0.00421,10,a
मेरी,,0.24185,0.94195,10,a
मौसी,,0.24863,0.83317,10,a
का,,0.15797,0.10304,10,a
रिशतेदार,,0.70923,0.66621,10,a
है,,0.34787,0.95293,10,a
।,,0.68683,0.33061,10,a
वह,,0.00054,0.03664,10,b
टी-टी,,0.12547,0.47577,10,b
जिसने,,0.02407,0.36759,10,b
वेटिंग,,0.12676,0.36296,10,b
रूम,,1.17855,3.69216,10,b
के,,0.01102,0.08198,10,b
सामने,,0.17219,0.58993,10,b
मांगी,,1.98856,0.13148,10,b
थी,,0.00401,0.00421,10,b
सिगरेट,,0.20477,0.58628,10,b
मेरी,,0.51176,1.52554,10,b
मौसी,,0.25119,0.7,10,b
का,,0.15797,0.10304,10,b
रिशतेदार,,0.5929,0.52686,10,b
है,,0.85943,2.29712,10,b
।,,0.1318,0.02458,10,b
वह,,0.0007,0.10484,10,c
सिगरेट,,0.19415,0.88503,10,c
जिसको,,0.00977,0.05763,10,c
उस,,0.02457,0.08714,10,c
टी-टी,,0.67694,1.27422,10,c
ने,,0.03466,0.22972,10,c
वेटिंग,,0.044,0.89655,10,c
रूम,,0.59888,2.8398,10,c
के,,0.01166,0.09511,10,c
सामने,,0.17236,0.55443,10,c
मांगा,,1.76436,0.17746,10,c
था,,0.00398,0.00398,10,c
विलायत,,0.20478,0.586,10,c
से,,0.2656,0.31596,10,c
आती,,0.48417,0.20745,10,c
है,,0.06468,0.1278,10,c
।,,0.70666,0.50451,10,c
वह,,0.0007,0.10484,10,d
सिगरेट,,0.19415,0.88503,10,d
जिसको,,0.00977,0.05763,10,d
वेटिंग,,0.08805,0.40182,10,d
रूम,,0.90864,2.29181,10,d
के,,0.01102,0.09511,10,d
सामने,,0.17219,0.55443,10,d
मांगा,,1.3398,0.17746,10,d
था,,0.00398,0.00398,10,d
उस,,0.24998,0.76299,10,d
टी-टी,,0.18498,0.71264,10,d
ने,,0.55887,0.74022,10,d
विलायत,,0.39614,0.71791,10,d
से,,0.12279,0.26975,10,d
आती,,0.86893,0.23956,10,d
है,,0.06468,0.1278,10,d
।,,0.70666,0.50451,10,d
वह,,0.00054,0.03664,11,a
बढ़ई,,0.83369,0.09547,11,a
जिसने,,0.22644,0.91186,11,a
अलमारी,,0.22657,0.73193,11,a
नीम,,0.69827,0.85418,11,a
के,,0.21231,0.23935,11,a
पेड़,,0.54893,0.86408,11,a
के,,0.10229,0.21854,11,a
नीचे,,0.40888,0.94146,11,a
बनायी,,0.87177,0.25659,11,a
थी,,0.15133,0.22499,11,a
यहाँ,,0.49688,1.89095,11,a
कई,,0.23597,1.01586,11,a
सालों,,0.24381,0.6489,11,a
से,,0.18038,0.25803,11,a
काम,,0.68151,0.9327,11,a
कर,,0.936,0.25321,11,a
रहा,,0.16932,0.1785,11,a
है,,0.15955,0.15021,11,a
।,,0.47902,0.51264,11,a
वह,,0.00054,0.03664,11,b
बढ़ई,,0.83369,0.09547,11,b
जिसने,,0.22644,0.91186,11,b
नीम,,0.22658,0.73193,11,b
के,,0.14571,0.24431,11,b
पेड़,,0.69828,0.85786,11,b
के,,0.10229,0.21854,11,b
नीचे,,0.40888,0.94146,11,b
बनायी,,0.87177,0.25659,11,b
थी,,0.15133,0.22499,11,b
अलमारी,,0.42254,1.07117,11,b
यहाँ,,0.50235,1.44343,11,b
कई,,0.23853,1.0513,11,b
सालों,,0.24381,0.6489,11,b
से,,0.18038,0.25803,11,b
काम,,0.68151,0.9327,11,b
कर,,0.936,0.25321,11,b
रहा,,0.16932,0.1785,11,b
है,,0.15955,0.15021,11,b
।,,0.47902,0.51264,11,b
वह,,0.00054,0.03664,11,c
अलमारी,,0.83343,0.09547,11,c
जिसको,,0.22645,0.91186,11,c
उस,,0.27753,0.98728,11,c
बढ़ई,,0.24467,0.63322,11,c
ने,,0.17273,0.31225,11,c
नीम,,0.69934,0.90681,11,c
के,,0.10232,0.21854,11,c
पेड़,,0.87867,0.90233,11,c
के,,0.10229,0.21854,11,c
नीचे,,0.40888,0.94146,11,c
बनाया,,0.87289,0.25611,11,c
था,,0.14935,0.21921,11,c
लकड़ी,,0.42355,1.07088,11,c
की,,0.54184,0.22122,11,c
है,,0.1357,0.13944,11,c
।,,0.40996,0.46937,11,c
वह,,0.00054,0.03664,11,d
अलमारी,,0.83343,0.09547,11,d
जिसको,,0.22645,0.91186,11,d
नीम,,0.22659,0.73193,11,d
के,,0.14571,0.24431,11,d
पेड़,,0.69829,0.85786,11,d
के,,0.10229,0.21854,11,d
नीचे,,0.40888,0.94146,11,d
बनाया,,0.87289,0.25611,11,d
था,,0.14935,0.21921,11,d
उस,,0.50886,1.41129,11,d
बढ़ई,,0.22438,0.59838,11,d
ने,,0.17273,0.31225,11,d
लकड़ी,,0.69931,0.90681,11,d
की,,0.98232,0.25631,11,d
है,,0.1357,0.13944,11,d
।,,0.40996,0.46937,11,d
वह,,0.0007,0.10484,12,a
दुकानदार,,0.19421,0.88503,12,a
जिसने,,0.00974,0.05763,12,a
पुरानी,,0.09987,0.50685,12,a
बन्दूक,,0.96422,1.79008,12,a
इस,,0.00835,0.12467,12,a
साल,,0.36517,1.77759,12,a
एक-दो,,0.03662,0.16639,12,a
बार,,0.42796,1.76796,12,a
म्यूजियम,,0.84403,0.63209,12,a
में,,0.01174,0.10869,12,a
दिखायी,,1.99453,0.229,12,a
थी,,0.00267,0.00471,12,a
मशहूर,,0.15515,0.2876,12,a
संग्रहकर्ता,,0.18279,0.73745,12,a
है,,0.47739,0.90142,12,a
।,,0.49916,0.21062,12,a
वह,,0.0007,0.10484,12,b
दुकानदार,,0.19421,0.88503,12,b
जिसने,,0.00974,0.05763,12,b
इस,,0.0127,0.10931,12,b
साल,,0.55147,1.23177,12,b
एक-दो,,0.02395,0.31762,12,b
बार,,0.38253,1.2229,12,b
म्यूजियम,,0.93558,0.67193,12,b
में,,0.01174,0.10869,12,b
दिखायी,,1.79237,0.33835,12,b
थी,,0.00267,0.00471,12,b
पुरानी,,0.15449,0.29573,12,b
बन्दूक,,0.18289,0.73782,12,b
मशहूर,,0.54809,0.60076,12,b
संग्रहकर्ता,,0.18529,0.7439,12,b
है,,0.47739,0.90142,12,b
।,,0.49916,0.21062,12,b
वह,,0.0007,0.10484,12,c
बन्दूक,,0.19432,0.88503,12,c
जिसको,,0.00976,0.05763,12,c
उस,,0.02457,0.08714,12,c
दुकानदार,,0.64482,1.15604,12,c
ने,,0.01597,0.15816,12,c
इस,,0.00571,0.12507,12,c
साल,,0.27933,2.29641,12,c
एक-दो,,0.02466,0.31762,12,c
बार,,0.39244,1.2229,12,c
म्यूजियम,,0.93558,0.67193,12,c
में,,0.01174,0.10869,12,c
दिखाया,,2.01998,0.33783,12,c
था,,0.00264,0.00442,12,c
अंग्रेज़ो,,0.09423,0.34696,12,c
के,,0.69783,0.62371,12,c
ज़माने,,0.26406,0.76625,12,c
की,,0.10402,0.25204,12,c
है,,0.34873,0.91122,12,c
।,,0.66211,0.21454,12,c
वह,,0.0007,0.10484,12,d
बन्दूक,,0.19432,0.88503,12,d
जिसको,,0.00976,0.05763,12,d
इस,,0.01272,0.10931,12,d
साल,,0.55185,1.23177,12,d
एक-दो,,0.02395,0.31762,12,d
बार,,0.38253,1.2229,12,d
म्यूजियम,,0.93558,0.67193,12,d
में,,0.01174,0.10869,12,d
दिखाया,,1.78625,0.33783,12,d
था,,0.00264,0.00442,12,d
उस,,0.22172,0.67385,12,d
दुकानदार,,0.17223,0.66618,12,d
ने,,0.17272,0.31225,12,d
अंग्रेज़ो,,0.71084,0.69518,12,d
के,,0.34868,0.53993,12,d
ज़माने,,0.41244,0.7909,12,d
की,,0.96145,0.25374,12,d
है,,0.1357,0.13944,12,d
।,,0.38059,0.46682,12,d
वह,,0.0007,0.10484,13,a
प्रोफेसर,,0.1938,0.88503,13,a
जिसने,,0.00978,0.05763,13,a
पहेली,,0.08797,0.40182,13,a
क्लास,,0.90784,2.29379,13,a
में,,0.01384,0.11223,13,a
सुलझाई,,1.36055,0.16723,13,a
थी,,0.00268,0.00475,13,a
गणित,,0.14253,0.66873,13,a
बहुत,,0.4163,0.63814,13,a
अच्छा,,0.19065,0.25556,13,a
पढ़ाते,,0.21757,0.11303,13,a
हैं,,0.10838,0.1702,13,a
।,,0.50744,0.45241,13,a
वह,,0.0007,0.10484,13,b
प्रोफेसर,,0.1938,0.88503,13,b
जिसने,,0.00978,0.05763,13,b
क्लास,,1.0939,0.58265,13,b
में,,0.01374,0.1102,13,b
सुलझाई,,1.10777,0.22512,13,b
थी,,0.00268,0.00475,13,b
पहेली,,0.18255,0.56392,13,b
गणित,,0.24597,0.80014,13,b
बहुत,,0.56769,0.69605,13,b
अच्छा,,0.19065,0.25556,13,b
पढ़ाते,,0.21757,0.11303,13,b
हैं,,0.10838,0.1702,13,b
।,,0.50744,0.45241,13,b
वह,,0.0007,0.10484,13,c
पहेली,,0.19432,0.88503,13,c
जिसको,,0.00976,0.05763,13,c
उस,,0.02457,0.08714,13,c
प्रोफेसर,,0.64625,1.15604,13,c
ने,,0.01599,0.15816,13,c
क्लास,,0.6802,0.63462,13,c
में,,0.01478,0.11566,13,c
सुलझाया,,1.61947,0.27741,13,c
था,,0.00266,0.00447,13,c
बहुत,,0.11199,0.3884,13,c
कठिन,,0.18834,0.36992,13,c
थी,,0.42302,0.35215,13,c
।,,0.11394,0.03296,13,c
वह,,0.0007,0.10484,13,d
पहेली,,0.19432,0.88503,13,d
जिसको,,0.00976,0.05763,13,d
क्लास,,1.09256,0.58265,13,d
में,,0.01374,0.1102,13,d
सुलझाया,,1.10847,0.22512,13,d
था,,0.00266,0.00447,13,d
उस,,0.22303,0.66822,13,d
प्रोफेसर,,0.17291,0.67069,13,d
ने,,0.17274,0.31225,13,d
बहुत,,0.57052,0.70836,13,d
कठिन,,0.23693,0.38749,13,d
थी,,0.42302,0.35215,13,d
।,,0.11394,0.03296,13,d
वह,,0.0007,0.10484,14,a
ग्राहक,,0.19462,0.88503,14,a
जिसने,,0.00976,0.05763,14,a
कमीज,,1.09338,0.58196,14,a
बहुत,,0.05087,0.13633,14,a
जल्दीबाजी,,0.56065,2.57874,14,a
में,,0.0137,0.11141,14,a
खरीदी,,1.30536,0.16861,14,a
थी,,0.00268,0.00476,14,a
इस,,0.31335,0.83285,14,a
दुकान,,0.17649,0.62649,14,a
में,,0.15746,0.23444,14,a
कई,,0.55785,1.20706,14,a
बार,,0.21672,0.74132,14,a
आ,,0.62141,0.23788,14,a
चुका,,0.22367,0.22037,14,a
है,,0.18798,0.1631,14,a
।,,0.38283,0.48215,14,a
वह,,0.0007,0.10484,14,b
ग्राहक,,0.19462,0.88503,14,b
जिसने,,0.00976,0.05763,14,b
बहुत,,0.0819,0.12019,14,b
जल्दीबाजी,,0.85956,1.71905,14,b
में,,0.01326,0.11141,14,b
खरीदी,,1.3683,0.16861,14,b
थी,,0.00268,0.00476,14,b
कमीज,,0.14252,0.6707,14,b
इस,,0.58408,1.13545,14,b
दुकान,,0.17862,0.65582,14,b
में,,0.15746,0.23444,14,b
कई,,0.55785,1.20706,14,b
बार,,0.21672,0.74132,14,b
आ,,0.62141,0.23788,14,b
चुका,,0.22367,0.22037,14,b
है,,0.18798,0.1631,14,b
।,,0.38283,0.48215,14,b
वह,,0.0007,0.10484,14,c
कमीज,,0.19424,0.88503,14,c
जिसको,,0.00976,0.05763,14,c
उस,,0.02457,0.08714,14,c
ग्राहक,,0.64359,1.15604,14,c
ने,,0.01598,0.15816,14,c
बहुत,,0.03632,0.1337,14,c
जल्दीबाजी,,0.46697,2.61947,14,c
में,,0.0137,0.11141,14,c
खरीदा,,1.60852,0.16863,14,c
था,,0.00266,0.00448,14,c
जापान,,0.09466,0.35125,14,c
में,,0.74638,0.67226,14,c
बनती,,0.25328,0.1127,14,c
है,,0.06482,0.13908,14,c
।,,0.67075,0.46845,14,c
वह,,0.0007,0.10484,14,d
कमीज,,0.19424,0.88503,14,d
जिसको,,0.00976,0.05763,14,d
बहुत,,0.08197,0.12019,14,d
जल्दीबाजी,,0.8601,1.71905,14,d
में,,0.01326,0.11141,14,d
खरीदा,,1.36718,0.16863,14,d
था,,0.00266,0.00448,14,d
उस,,0.223,0.66639,14,d
ग्राहक,,0.17297,0.67213,14,d
ने,,0.17264,0.31225,14,d
जापान,,0.71199,0.69947,14,d
में,,0.37606,0.58322,14,d
बनती,,0.46855,0.12864,14,d
है,,0.06482,0.13908,14,d
।,,0.67075,0.46845,14,d
वह,,0.0007,0.10484,15,a
लड़का,,0.19402,0.88503,15,a
जिसने,,0.00976,0.05763,15,a
मोटरसाइकिल,,1.09327,0.58196,15,a
पिछले,,0.04526,0.51162,15,a
हफते,,1.03419,0.26661,15,a
खरीदी,,0.08286,0.02274,15,a
थी,,0.2808,0.39291,15,a
डाक्टरी,,0.31475,0.87882,15,a
की,,0.22667,0.29567,15,a
पढ़ाई,,0.4797,0.21183,15,a
कर,,0.09899,0.22739,15,a
रहा,,0.14563,0.22618,15,a
है,,0.13035,0.18139,15,a
।,,0.69334,0.46035,15,a
वह,,0.0007,0.10484,15,b
लड़का,,0.19402,0.88503,15,b
जिसने,,0.00976,0.05763,15,b
पिछले,,0.09418,0.5069,15,b
हफते,,1.07311,0.20993,15,b
खरीदी,,0.08286,0.02274,15,b
थी,,0.2808,0.39291,15,b
मोटरसाइकिल,,0.34387,0.76837,15,b
डाक्टरी,,0.29592,0.7402,15,b
की,,0.14844,0.24611,15,b
पढ़ाई,,0.66494,0.25021,15,b
कर,,0.09899,0.22739,15,b
रहा,,0.14563,0.22618,15,b
है,,0.13035,0.18139,15,b
।,,0.69334,0.46035,15,b
वह,,0.0007,0.10484,15,c
मोटरसाइकिल,,0.19428,0.88503,15,c
जिसको,,0.00975,0.05763,15,c
उस,,0.02457,0.08714,15,c
लड़के,,0.64512,1.15604,15,c
ने,,0.01598,0.15816,15,c
पिछले,,0.03213,0.484,15,c
हफते,,1.25052,0.25869,15,c
खरीदा,,0.08285,0.02273,15,c
था,,0.27847,0.3837,15,c
बजाज,,0.33899,0.60481,15,c
की,,0.70738,0.70591,15,c
नई,,0.3188,0.39323,15,c
पेशकश,,0.2909,0.69007,15,c
है,,0.47741,0.90142,15,c
।,,0.52798,0.21118,15,c
वह,,0.0007,0.10484,15,d
मोटरसाइकिल,,0.19428,0.88503,15,d
जिसको,,0.00975,0.05763,15,d
पिछले,,0.09426,0.5069,15,d
हफते,,1.07314,0.20993,15,d
खरीदा,,0.08285,0.02273,15,d
था,,0.27847,0.3837,15,d
उस,,0.3768,1.08342,15,d
लड़के,,0.22288,0.61625,15,d
ने,,0.17282,0.31225,15,d
बजाज,,0.73634,0.66105,15,d
की,,0.35403,0.61328,15,d
नई,,0.47766,0.41856,15,d
पेशकश,,0.2909,0.69007,15,d
है,,0.47741,0.90142,15,d
।,,0.52798,0.21118,15,d
वह,,0.0007,0.10484,16,a
बच्ची,,0.19422,0.88503,16,a
जिसने,,0.00976,0.05763,16,a
डिब्बी,,1.09333,0.58196,16,a
धीरे,,0.10676,0.46413,16,a
से,,1.05964,0.74627,16,a
चुपके-चुपके,,0.57566,1.01056,16,a
खोली,,1.38986,0.36491,16,a
थी,,0.00406,0.00424,16,a
बहुत,,0.15589,0.34313,16,a
शरारती,,0.23432,0.33564,16,a
है,,0.61133,0.51648,16,a
।,,0.1331,0.02404,16,a
वह,,0.0007,0.10484,16,b
बच्ची,,0.19422,0.88503,16,b
जिसने,,0.00976,0.05763,16,b
धीरे,,0.16423,0.41509,16,b
से,,0.76162,0.75564,16,b
चुपके-चुपके,,0.57566,1.00088,16,b
खोली,,1.44467,0.30499,16,b
थी,,0.00406,0.00424,16,b
डिब्बी,,0.20701,0.59436,16,b
बहुत,,0.46012,0.59253,16,b
शरारती,,0.23633,0.34291,16,b
है,,0.61133,0.51648,16,b
।,,0.1331,0.02404,16,b
वह,,0.0007,0.10484,16,c
डिब्बी,,0.19432,0.88503,16,c
जिसको,,0.00976,0.05763,16,c
उस,,0.02457,0.08714,16,c
बच्ची,,0.64492,1.15604,16,c
ने,,0.01597,0.15816,16,c
धीरे,,0.07644,0.43673,16,c
से,,0.60305,0.79718,16,c
चुपके-चुपके,,0.57566,0.91495,16,c
खोला,,1.62144,0.35746,16,c
था,,0.00402,0.00399,16,c
मेरी,,0.24167,0.93002,16,c
दादी,,0.25073,0.84945,16,c
की,,0.76176,0.13189,16,c
है,,0.1357,0.13944,16,c
।,,0.41705,0.46712,16,c
वह,,0.0007,0.10484,16,d
डिब्बी,,0.19432,0.88503,16,d
जिसको,,0.00976,0.05763,16,d
धीरे,,0.16437,0.41509,16,d
से,,0.76162,0.75564,16,d
चुपके-चुपके,,0.57566,1.00088,16,d
खोला,,1.44162,0.30506,16,d
था,,0.00402,0.00399,16,d
उस,,0.24943,0.75305,16,d
बच्ची,,0.23727,0.61007,16,d
ने,,0.17269,0.31225,16,d
मेरी,,0.65496,1.70844,16,d
दादी,,0.31155,0.64129,16,d
की,,0.76176,0.13423,16,d
है,,0.1357,0.13944,16,d
।,,0.41705,0.46712,16,d
वह,,0.0007,0.10484,17,a
आदमी,,0.19437,0.89087,17,a
जिसने,,0.00979,0.05765,17,a
टाई,,1.09455,0.58196,17,a
बड़ी,,0.04658,0.52318,17,a
स्टाईल,,0.62937,2.44861,17,a
से,,0.01552,0.12386,17,a
पहनी,,1.30345,0.16962,17,a
हुई,,0.00283,0.00434,17,a
थी,,0.03826,0.02438,17,a
हमारे,,0.21368,0.84252,17,a
कालेज,,0.18665,0.87691,17,a
में,,0.15804,0.11021,17,a
काम,,0.64498,0.64815,17,a
करता,,0.89504,0.17348,17,a
है,,0.11593,0.13419,17,a
।,,0.43017,0.48284,17,a
वह,,0.0007,0.10484,17,b
आदमी,,0.19437,0.89087,17,b
जिसने,,0.00979,0.05765,17,b
बड़ी,,0.09683,0.51819,17,b
स्टाईल,,0.96266,1.79463,17,b
से,,0.01502,0.12386,17,b
पहनी,,1.36638,0.16962,17,b
हुई,,0.00283,0.00434,17,b
थी,,0.03826,0.02438,17,b
टाई,,0.14428,0.67168,17,b
हमारे,,0.48166,1.41542,17,b
कालेज,,0.18922,0.73839,17,b
में,,0.15804,0.11021,17,b
काम,,0.64498,0.64815,17,b
करता,,0.89504,0.17782,17,b
है,,0.11593,0.13419,17,b
।,,0.43017,0.48284,17,b
वह,,0.0007,0.10484,17,c
टाई,,0.19436,0.88503,17,c
जिसको,,0.00976,0.05763,17,c
उस,,0.02457,0.08714,17,c
आदमी,,0.64428,1.16663,17,c
ने,,0.01598,0.15734,17,c
बड़ी,,0.03317,0.49489,17,c
स्टाईल,,0.49458,2.48613,17,c
से,,0.01552,0.12386,17,c
पहना,,1.60872,0.16918,17,c
हुआ,,0.0028,0.0043,17,c
था,,0.03844,0.02479,17,c
आज,,0.14535,0.71669,17,c
कल,,0.48202,0.99211,17,c
फैशन,,0.49781,0.94968,17,c
में,,0.22975,0.26075,17,c
है,,0.66827,0.97857,17,c
।,,0.38244,0.19776,17,c
वह,,0.0007,0.10484,17,d
टाई,,0.19436,0.88503,17,d
जिसको,,0.00976,0.05763,17,d
बड़ी,,0.09692,0.51819,17,d
स्टाईल,,0.96328,1.79524,17,d
से,,0.01502,0.12386,17,d
पहना,,1.36679,0.16918,17,d
हुआ,,0.0028,0.0043,17,d
था,,0.03844,0.02479,17,d
उस,,0.225,0.67154,17,d
आदमी,,0.17302,0.66184,17,d
ने,,0.17264,0.3109,17,d
आज,,0.64657,1.04594,17,d
कल,,0.82864,1.06054,17,d
फैशन,,0.49781,0.94968,17,d
में,,0.22975,0.26075,17,d
है,,0.66827,0.97857,17,d
।,,0.38244,0.19776,17,d
वह,,0.0007,0.10484,18,a
औरत,,0.19432,0.88503,18,a
जिसने,,0.00975,0.05763,18,a
लाल,,0.01684,0.19439,18,a
गाड़ी,,0.94035,1.55161,18,a
पिछले,,0.05599,2.93956,18,a
महीने,,0.63579,1.13608,18,a
खरीदी,,1.78803,0.16528,18,a
थी,,0.00554,0.00428,18,a
मेरे,,0.27835,0.9291,18,a
बेटे,,0.31717,0.88598,18,a
की,,0.14807,0.10851,18,a
टीचर,,0.7779,0.66382,18,a
है,,0.34793,0.95293,18,a
।,,0.72578,0.33061,18,a
वह,,0.0007,0.10484,18,b
औरत,,0.19432,0.88503,18,b
जिसने,,0.00975,0.05763,18,b
पिछले,,0.09418,0.5069,18,b
महीने,,0.95067,1.79679,18,b
खरीदी,,1.36724,0.16528,18,b
थी,,0.00554,0.00428,18,b
लाल,,0.2512,0.25862,18,b
गाड़ी,,0.3144,0.65927,18,b
मेरे,,0.68523,1.64334,18,b
बेटे,,0.31972,0.74639,18,b
की,,0.14807,0.10851,18,b
टीचर,,0.7779,0.66382,18,b
है,,0.34793,0.95293,18,b
।,,0.72578,0.33061,18,b
वह,,0.00054,0.03664,18,c
लाल,,0.00473,0.22762,18,c
गाड़ी,,0.39734,1.66648,18,c
जिसको,,0.02076,0.36439,18,c
उस,,0.03442,0.07697,18,c
औरत,,0.85762,1.08522,18,c
ने,,0.01598,0.15816,18,c
पिछले,,0.03214,0.484,18,c
महीने,,0.487,3.4938,18,c
खरीदा,,2.33459,0.04106,18,c
था,,0.00549,0.30964,18,c
लोगो,,0.27355,1.05497,18,c
में,,0.23929,0.36364,18,c
काफी,,0.5088,0.5546,18,c
लोकप्रिय,,0.33134,0.42295,18,c
है,,0.61505,0.40091,18,c
।,,0.1708,0.05029,18,c
वह,,0.0007,0.10484,18,d
लाल,,0.05721,1.2569,18,d
गाड़ी,,0.82641,1.88265,18,d
जिसको,,0.01768,0.68531,18,d
पिछले,,0.13398,0.53506,18,d
महीने,,1.47421,0.50852,18,d
खरीदा,,1.32418,0.30024,18,d
था,,0.00549,0.23601,18,d
उस,,0.28135,1.88734,18,d
औरत,,0.3037,0.52024,18,d
ने,,0.17273,0.31349,18,d
लोगो,,0.77845,0.9192,18,d
में,,0.11008,0.23579,18,d
काफी,,0.83137,0.64654,18,d
लोकप्रिय,,0.33134,0.30551,18,d
है,,0.61505,0.52894,18,d
।,,0.1708,0.08474,18,d
वह,,0.0007,0.10484,19,a
डाक्टर,,0.19431,0.88503,19,a
जिसने,,0.00977,0.05763,19,a
दवाईयां,,1.09393,0.58196,19,a
कल,,0.88751,0.60546,19,a
शाम,,1.44023,0.68016,19,a
फेकीं,,1.30104,0.34061,19,a
थीं,,0.00567,0.00432,19,a
बहुत,,0.20221,0.33793,19,a
होशियार,,0.28365,0.33202,19,a
है,,0.61491,0.51666,19,a
।,,0.17098,0.02584,19,a
वह,,0.0007,0.10484,19,b
डाक्टर,,0.19431,0.88503,19,b
जिसने,,0.00977,0.05763,19,b
कल,,1.09715,0.52839,19,b
शाम,,0.89249,0.67365,19,b
फेकीं,,1.30127,0.28046,19,b
थीं,,0.00567,0.00432,19,b
दवाईयां,,0.27359,0.5846,19,b
बहुत,,0.50624,0.58723,19,b
होशियार,,0.28566,0.33929,19,b
है,,0.61491,0.51666,19,b
।,,0.17098,0.02584,19,b
वह,,0.0007,0.10484,19,c
दवाईयां,,0.19442,0.88503,19,c
जिनको,,0.00977,0.05763,19,c
उस,,0.02458,0.08714,19,c
डाक्टर,,0.64468,1.15604,19,c
ने,,0.01598,0.15816,19,c
कल,,0.67298,0.57673,19,c
शाम,,0.71889,0.60904,19,c
फेका,,1.83182,0.33331,19,c
था,,0.0055,0.00403,19,c
खराब,,0.25112,0.25325,19,c
हो,,0.23232,0.10471,19,c
गईं,,0.12099,0.19881,19,c
थीं,,0.16582,0.21346,19,c
।,,0.61123,0.51307,19,c
वह,,0.0007,0.10484,19,d
दवाईयां,,0.19442,0.88503,19,d
जिनको,,0.00977,0.05763,19,d
कल,,1.09634,0.52839,19,d
शाम,,0.89249,0.67365,19,d
फेका,,1.30137,0.28046,19,d
था,,0.0055,0.00403,19,d
उस,,0.28157,0.76705,19,d
डाक्टर,,0.30405,0.60176,19,d
ने,,0.17272,0.31225,19,d
खराब,,0.6469,0.5907,19,d
हो,,0.37026,0.11963,19,d
गईं,,0.12099,0.19881,19,d
थीं,,0.16582,0.21346,19,d
।,,0.61123,0.51307,19,d
वह,,0.0007,0.10484,20,a
इंजीनियर,,0.19415,0.88503,20,a
जिसने,,0.00975,0.05763,20,a
वह,,0.02401,0.10271,20,a
बिल्डिंग,,0.65494,1.23752,20,a
बहुत,,0.08066,0.3315,20,a
धीरे-धीरे,,0.41978,1.16845,20,a
बनायी,,1.42987,0.35418,20,a
थी,,0.00404,0.00417,20,a
मरे,,0.10055,0.02642,20,a
दोस्त,,0.35704,0.99303,20,a
की,,0.28823,0.45204,20,a
कंपनी,,0.47209,0.74477,20,a
में,,0.11049,0.23554,20,a
काम,,0.8913,0.93378,20,a
करता,,0.92302,0.25001,20,a
है,,0.11593,0.13419,20,a
।,,0.46561,0.48259,20,a
वह,,0.0007,0.10484,20,b
इंजीनियर,,0.19415,0.88503,20,b
जिसने,,0.00975,0.05763,20,b
बहुत,,0.1678,0.33867,20,b
धीरे-धीरे,,0.29212,1.15755,20,b
बनायी,,1.26859,0.29902,20,b
थी,,0.00404,0.00417,20,b
वह,,0.25,0.87408,20,b
बिल्डिंग,,0.23631,0.58619,20,b
मरे,,0.67259,0.24425,20,b
दोस्त,,0.36499,1.03429,20,b
की,,0.28823,0.45204,20,b
कंपनी,,0.47209,0.74477,20,b
में,,0.11049,0.23554,20,b
काम,,0.8913,0.93378,20,b
करता,,0.92302,0.25001,20,b
है,,0.11593,0.13419,20,b
।,,0.46561,0.48259,20,b
हमारी,,0.00073,0.04827,20,c
बिल्डिंग,,0.61753,0.71962,20,c
जिसको,,0.01586,0.1368,20,c
उस,,0.02457,0.08714,20,c
इंजीनियर,,0.64495,1.15604,20,c
ने,,0.01596,0.15816,20,c
बहुत,,0.0807,0.3402,20,c
धीरे-धीरे,,0.2298,1.05818,20,c
बनाया,,1.74016,0.39232,20,c
था,,0.00398,0.00392,20,c
बहुत,,0.19125,0.91727,20,c
सुनसान,,0.23491,0.64511,20,c
इलाके,,0.6907,0.90835,20,c
में,,0.22907,0.26075,20,c
है,,0.66656,0.97857,20,c
।,,0.41825,0.1975,20,c
हमारी,,0.00073,0.04827,20,d
बिल्डिंग,,0.61753,0.71962,20,d
जिसको,,0.01586,0.1368,20,d
बहुत,,0.16794,0.33867,20,d
धीरे-धीरे,,0.29212,1.15755,20,d
बनाया,,1.5698,0.33958,20,d
था,,0.00398,0.00392,20,d
उस,,0.24682,0.76284,20,d
इंजीनियर,,0.23527,0.6037,20,d
ने,,0.17259,0.31225,20,d
बहुत,,0.60286,1.30657,20,d
सुनसान,,0.27919,0.6581,20,d
इलाके,,0.6907,0.90835,20,d
में,,0.22907,0.26075,20,d
है,,0.66656,0.97857,20,d
।,,0.41825,0.1975,20,d
वह,,0.0007,0.10484,21,a
लड़की,,0.19412,0.88503,21,a
जिसने,,0.00976,0.05763,21,a
सारी,,0.08377,0.15525,21,a
फाइलें,,0.85434,1.7584,21,a
पिछले,,0.04211,0.49589,21,a
हफते,,1.23566,0.21396,21,a
शाम,,0.18713,0.59678,21,a
के,,0.28359,0.39596,21,a
समय,,0.38691,0.65977,21,a
उठायीं,,0.39832,0.14537,21,a
थीं,,0.10296,0.21918,21,a
बहुत,,0.6097,0.84367,21,a
अच्छा,,0.22005,0.23155,21,a
गाना,,0.25481,0.69885,21,a
गाती,,0.66871,0.23752,21,a
है,,0.13815,0.15596,21,a
।,,0.40429,0.42392,21,a
वह,,0.0007,0.10484,21,b
लड़की,,0.19412,0.88503,21,b
जिसने,,0.00976,0.05763,21,b
पिछले,,0.09418,0.5069,21,b
हफते,,1.07297,0.20993,21,b
शाम,,0.18713,0.59678,21,b
के,,0.28359,0.39596,21,b
समय,,0.38691,0.65977,21,b
उठायीं,,0.39832,0.14537,21,b
थीं,,0.10296,0.21918,21,b
सारी,,0.58057,1.33839,21,b
फाइलें,,0.22243,0.66075,21,b
बहुत,,0.58461,0.66217,21,b
अच्छा,,0.22206,0.2394,21,b
गाना,,0.25481,0.69885,21,b
गाती,,0.66871,0.23752,21,b
है,,0.13815,0.15596,21,b
।,,0.40429,0.42392,21,b
वह,,0.0007,0.10484,21,c
फाइलें,,0.1942,0.88503,21,c
जिनको,,0.00974,0.05763,21,c
उस,,0.02458,0.08714,21,c
लड़की,,0.6455,1.15604,21,c
ने,,0.01598,0.15816,21,c
पिछले,,0.03216,0.484,21,c
हफते,,1.2505,0.25869,21,c
शाम,,0.18713,0.59678,21,c
के,,0.28359,0.39596,21,c
समय,,0.38691,0.65977,21,c
उठाया,,0.39843,0.14537,21,c
था,,0.0999,0.21276,21,c
दो,,0.57802,1.08436,21,c
साल,,0.22363,0.67869,21,c
से,,0.17413,0.26849,21,c
एक,,0.59484,0.89666,21,c
जगह,,0.27079,0.68524,21,c
पर,,0.18513,0.33077,21,c
सड़,,0.66132,0.24879,21,c
रहीं,,0.10424,0.21243,21,c
थीं,,0.1355,0.23555,21,c
।,,0.69471,0.46225,21,c
वह,,0.0007,0.10484,21,d
फाइलें,,0.1942,0.88503,21,d
जिनको,,0.00974,0.05763,21,d
पिछले,,0.09429,0.5069,21,d
हफते,,1.07323,0.20993,21,d
शाम,,0.18713,0.59678,21,d
के,,0.28359,0.39596,21,d
समय,,0.38691,0.65977,21,d
उठाया,,0.39843,0.14537,21,d
था,,0.0999,0.21276,21,d
उस,,0.62857,1.44894,21,d
लड़की,,0.22286,0.61625,21,d
ने,,0.17287,0.31225,21,d
दो,,0.59586,0.89464,21,d
साल,,0.26943,0.69327,21,d
से,,0.17413,0.26849,21,d
एक,,0.59484,0.89666,21,d
जगह,,0.27079,0.68524,21,d
पर,,0.18513,0.33077,21,d
सड़,,0.66132,0.24879,21,d
रहीं,,0.10424,0.21243,21,d
थीं,,0.1355,0.23555,21,d
।,,0.69471,0.46225,21,d
वह,,0.0007,0.10484,22,a
हलवाई,,0.19432,0.88503,22,a
जिसने,,0.00975,0.05763,22,a
कढाई,,0.09813,0.51819,22,a
बड़ी,,0.64426,2.32016,22,a
सावधानी,,1.07756,1.1328,22,a
से,,0.01503,0.12386,22,a
पकड़ी,,1.36371,0.16901,22,a
थी,,0.00268,0.00474,22,a
इस,,0.31283,0.83662,22,a
मोहल्ले,,0.17638,0.62413,22,a
में,,0.15777,0.23444,22,a
एक,,0.57112,0.97236,22,a
नई,,0.24684,0.40223,22,a
दुकान,,0.20861,0.75511,22,a
खोल,,0.64474,0.23684,22,a
रहा,,0.21169,0.21939,22,a
है,,0.18768,0.17978,22,a
।,,0.37742,0.42509,22,a
वह,,0.0007,0.10484,22,b
हलवाई,,0.19432,0.88503,22,b
जिसने,,0.00975,0.05763,22,b
बड़ी,,0.09683,0.51819,22,b
सावधानी,,0.96159,1.79524,22,b
से,,0.01503,0.12386,22,b
पकड़ी,,1.36371,0.16901,22,b
थी,,0.00268,0.00474,22,b
कढाई,,0.06981,0.0269,22,b
इस,,0.49073,1.32387,22,b
मोहल्ले,,0.16733,0.6121,22,b
में,,0.15777,0.23444,22,b
एक,,0.57112,0.97236,22,b
नई,,0.24684,0.40223,22,b
दुकान,,0.20861,0.75511,22,b
खोल,,0.64474,0.23684,22,b
रहा,,0.21169,0.21939,22,b
है,,0.18768,0.17978,22,b
।,,0.37742,0.42509,22,b
वह,,0.00054,0.03664,22,c
कढाई,,0.83343,0.09547,22,c
जिसको,,0.22645,0.91186,22,c
उस,,0.27753,0.98728,22,c
हलवाई,,0.24467,0.63322,22,c
ने,,0.17273,0.31225,22,c
बड़ी,,0.5866,0.58755,22,c
सावधानी,,0.29224,0.66936,22,c
से,,0.17352,0.27463,22,c
पकड़ा,,0.66912,0.24341,22,c
था,,0.10021,0.21243,22,c
असली,,0.58173,0.76889,22,c
पीतल,,0.2348,0.6537,22,c
से,,0.17352,0.27463,22,c
बनी,,0.6681,0.24272,22,c
है,,0.06476,0.13868,22,c
।,,0.70021,0.47198,22,c
वह,,0.00054,0.03664,22,d
कढाई,,0.83343,0.09547,22,d
जिसको,,0.22645,0.91186,22,d
बड़ी,,0.22842,0.40838,22,d
सावधानी,,0.26099,0.6584,22,d
से,,0.17352,0.27463,22,d
पकड़ा,,0.66912,0.24341,22,d
था,,0.10021,0.21243,22,d
उस,,0.63515,1.47843,22,d
हलवाई,,0.22438,0.59838,22,d
ने,,0.17273,0.31225,22,d
असली,,0.58641,0.59532,22,d
पीतल,,0.292,0.66925,22,d
से,,0.17352,0.27463,22,d
बनी,,0.6681,0.24272,22,d
है,,0.06476,0.13868,22,d
।,,0.70021,0.47198,22,d
वह,,0.0007,0.10484,23,a
कुली,,0.99286,1.59237,23,a
जिसने,,0.0148,0.72469,23,a
बड़ी,,0.13762,0.53877,23,a
अटैची,,1.41981,0.53633,23,a
एक,,0.03083,0.79291,23,a
झटके,,0.59119,0.53395,23,a
में,,0.01394,0.24006,23,a
उठा,,1.49528,0.30718,23,a
ली,,0.00296,0.23955,23,a
थी,,0.03712,0.24132,23,a
रात,,0.14369,1.22204,23,a
में,,0.24056,0.27939,23,a
टैक्सी,,0.48172,0.81333,23,a
चलाता,,0.84024,0.30523,23,a
है,,0.13771,0.1567,23,a
।,,0.37634,0.4872,23,a
वह,,0.0007,0.10484,23,b
कुली,,0.99286,1.59237,23,b
जिसने,,0.0148,0.72469,23,b
एक,,0.07602,0.74469,23,b
झटके,,1.01421,0.53198,23,b
में,,0.01349,0.24006,23,b
उठा,,1.50691,0.30718,23,b
ली,,0.00296,0.23955,23,b
थी,,0.03712,0.24132,23,b
बड़ी,,0.15809,0.82859,23,b
अटैची,,0.18281,0.53051,23,b
रात,,0.64771,0.89038,23,b
में,,0.22899,0.26073,23,b
टैक्सी,,0.4981,0.86229,23,b
चलाता,,0.84024,0.30523,23,b
है,,0.13771,0.1567,23,b
।,,0.37634,0.4872,23,b
वह,,0.00054,0.03664,23,c
बड़ी,,0.02729,0.59731,23,c
अटैची,,0.35813,1.80058,23,c
जिसको,,0.01739,0.86563,23,c
उस,,0.02457,0.08714,23,c
कुली,,0.64455,1.15677,23,c
ने,,0.01598,0.15823,23,c
एक,,0.01748,0.30892,23,c
झटके,,0.41592,1.2609,23,c
में,,0.01394,0.11224,23,c
उठा,,2.13699,0.19739,23,c
लिया,,0.00293,0.31303,23,c
था,,0.03731,0.3035,23,c
ट्रेन,,0.14361,1.12962,23,c
में,,0.24101,0.36874,23,c
गुम,,0.41529,0.5892,23,c
हो,,0.30969,0.11212,23,c
गयी,,0.12097,0.26652,23,c
।,,0.53535,0.4238,23,c
वह,,0.00054,0.03664,23,d
बड़ी,,0.02729,0.59731,23,d
अटैची,,0.35813,1.80058,23,d
जिसको,,0.01739,0.86563,23,d
एक,,0.05402,0.30113,23,d
झटके,,0.77064,1.18441,23,d
में,,0.01349,0.11699,23,d
उठा,,1.89924,0.13971,23,d
लिया,,0.00293,0.31303,23,d
था,,0.03731,0.3035,23,d
उस,,0.22417,1.71111,23,d
कुली,,0.17229,0.60362,23,d
ने,,0.17273,0.41172,23,d
ट्रेन,,0.64697,0.91249,23,d
में,,0.11091,0.3158,23,d
गुम,,0.70009,0.6558,23,d
हो,,0.30969,0.11212,23,d
गयी,,0.12097,0.26652,23,d
।,,0.53535,0.4238,23,d
वह,,0.0007,0.10484,24,a
अध्यापक,,0.19439,0.88503,24,a
जिसने,,0.00975,0.05763,24,a
किताबें,,1.09319,0.58196,24,a
पिछले,,0.04532,0.51162,24,a
साल,,0.61588,2.42184,24,a
गर्मियों,,0.92255,0.65691,24,a
में,,0.01175,0.10869,24,a
बेचीं,,1.4987,0.22958,24,a
थीं,,0.00274,0.00482,24,a
बरेली,,0.09496,0.35241,24,a
का,,0.7463,0.66941,24,a
रहनेवाला,,0.25358,0.11273,24,a
है,,0.22916,0.35291,24,a
।,,0.67543,0.46181,24,a
वह,,0.0007,0.10484,24,b
अध्यापक,,0.19439,0.88503,24,b
जिसने,,0.00975,0.05763,24,b
पिछले,,0.09418,0.5069,24,b
साल,,0.94369,1.78831,24,b
गर्मियों,,0.89583,0.65691,24,b
में,,0.01175,0.10869,24,b
बेचीं,,1.56559,0.22958,24,b
थीं,,0.00274,0.00482,24,b
किताबें,,0.1426,0.67174,24,b
बरेली,,0.51165,0.62692,24,b
का,,0.71568,0.62937,24,b
रहनेवाला,,0.26353,0.1194,24,b
है,,0.22916,0.35291,24,b
।,,0.67543,0.46181,24,b
वह,,0.0007,0.10484,24,c
किताबें,,0.19431,0.88503,24,c
जिनको,,0.00976,0.05763,24,c
उस,,0.02458,0.08714,24,c
अध्यापक,,0.64456,1.15604,24,c
ने,,0.01597,0.15816,24,c
पिछले,,0.03212,0.484,24,c
साल,,0.48313,2.45708,24,c
गर्मियों,,0.92255,0.65691,24,c
में,,0.01175,0.10869,24,c
बेचा,,1.80365,0.22958,24,c
था,,0.00266,0.00449,24,c
पुरानी,,0.15508,0.29899,24,c
हो,,0.17251,0.10316,24,c
रहीं,,0.13795,0.1892,24,c
थीं,,0.16896,0.21164,24,c
।,,0.53718,0.51119,24,c
वह,,0.0007,0.10484,24,d
किताबें,,0.19431,0.88503,24,d
जिनको,,0.00976,0.05763,24,d
पिछले,,0.09429,0.5069,24,d
साल,,0.94448,1.78831,24,d
गर्मियों,,0.89583,0.65691,24,d
में,,0.01175,0.10869,24,d
बेचा,,1.56496,0.22958,24,d
था,,0.00266,0.00449,24,d
उस,,0.22282,0.66521,24,d
अध्यापक,,0.17294,0.67308,24,d
ने,,0.17274,0.31225,24,d
पुरानी,,0.55129,0.63672,24,d
हो,,0.31057,0.11817,24,d
रहीं,,0.13795,0.1892,24,d
थीं,,0.16896,0.21164,24,d
।,,0.53718,0.51119,24,d